{
  "tile_stats": {
    "T35KRU": {
      "mean": 0.18558046221733093,
      "std": 0.053919799625873566,
      "median": 0.18210609257221222,
      "p5": 0.11007815599441528,
      "p95": 0.2667917311191559,
      "n_valid": 120559396
    },
    "T36KTC": {
      "mean": 0.17514556646347046,
      "std": 0.05929192155599594,
      "median": 0.17577725648880005,
      "p5": 0.0970766693353653,
      "p95": 0.2597532272338867,
      "n_valid": 120557185
    },
    "T36KTD": {
      "mean": 0.17960402369499207,
      "std": 0.04579271003603935,
      "median": 0.17584097385406494,
      "p5": 0.11720620095729828,
      "p95": 0.2505054473876953,
      "n_valid": 120560035
    },
    "T36KTE": {
      "mean": 0.16549816727638245,
      "std": 0.05466059595346451,
      "median": 0.16291962563991547,
      "p5": 0.0878034308552742,
      "p95": 0.24563851952552795,
      "n_valid": 120559574
    }
  },
  "normalization_results": {
    "raw": {
      "loto_prauc_mean": 0.22808185994718502,
      "loto_prauc_std": 0.11996418618233749,
      "loto_roc_mean": 0.3368686868686868,
      "n_valid_folds": 3,
      "per_tile": [
        0.36281700841298364,
        0.07142857142857142,
        0.25
      ]
    },
    "z_score": {
      "loto_prauc_mean": 0.22808185994718502,
      "loto_prauc_std": 0.11996418618233749,
      "loto_roc_mean": 0.3368686868686868,
      "n_valid_folds": 3,
      "per_tile": [
        0.36281700841298364,
        0.07142857142857142,
        0.25
      ]
    },
    "rank": {
      "loto_prauc_mean": 0.22808185994718502,
      "loto_prauc_std": 0.11996418618233749,
      "loto_roc_mean": 0.3368686868686868,
      "n_valid_folds": 3,
      "per_tile": [
        0.36281700841298364,
        0.07142857142857142,
        0.25
      ]
    },
    "histogram_match": {
      "loto_prauc_mean": 0.22808185994718502,
      "loto_prauc_std": 0.11996418618233749,
      "loto_roc_mean": 0.3368686868686868,
      "n_valid_folds": 3,
      "per_tile": [
        0.36281700841298364,
        0.07142857142857142,
        0.25
      ]
    }
  },
  "best_method": "raw",
  "best_loto_prauc": 0.22808185994718502,
  "raw_loto_prauc": 0.22808185994718502,
  "improvement": 0.0
}