{
  "samples": {
    "pos": 12,
    "neg": 41,
    "features": 11
  },
  "results": {
    "random": {
      "pr_auc": 0.22641509433962265,
      "roc_auc": 0.5,
      "n_folds": "-"
    },
    "lr_ferric": {
      "pr_auc": 0.8413333333333334,
      "pr_std": 0.3173333333333333,
      "roc_auc": NaN,
      "n_folds": 5
    },
    "lr_all": {
      "pr_auc": 0.7657575757575757,
      "pr_std": 0.3568709026225861,
      "roc_auc": NaN,
      "n_folds": 5
    },
    "rf_shallow": {
      "pr_auc": 0.7733333333333333,
      "pr_std": 0.3423123979317398,
      "roc_auc": NaN,
      "n_folds": 5
    },
    "xgboost": {
      "pr_auc": 0.7153623188405798,
      "pr_std": 0.3734123149868345,
      "roc_auc": NaN,
      "n_folds": 5
    }
  },
  "shap_ranking": [
    [
      "ferrous_iron",
      1.0908267498016357
    ],
    [
      "plan_curvature",
      0.7308242321014404
    ],
    [
      "drainage_density",
      0.6749277710914612
    ],
    [
      "ndvi",
      0.6182314157485962
    ],
    [
      "ferric_iron",
      0.6003976464271545
    ],
    [
      "iron_oxide",
      0.5267770290374756
    ],
    [
      "clay_ratio",
      0.43306365609169006
    ],
    [
      "slope",
      0.24955828487873077
    ],
    [
      "profile_curvature",
      0.2492874264717102
    ],
    [
      "distance_to_lineaments",
      0.16194698214530945
    ],
    [
      "clay_swir",
      0.12795785069465637
    ]
  ],
  "gate_prauc": 0.7153623188405798,
  "gate_lift": -0.1259710144927536
}